{
    "loss": 8.568170547485352,
    "accuracy": 0.5035971403121948
}