{
    "loss": 4.082400321960449,
    "accuracy": 0.5035971403121948
}